{"eval/samples_per_second":1.014,"train/global_step":91,"eval/loss":1.802235722541809,"train/train_samples_per_second":0.369,"train/learning_rate":8.791208791208792e-06,"eval_loss":1.802235722541809,"train/grad_norm":5.021365642547607,"train/loss":1.7702,"train/total_flos":3.97940921204736e+15,"eval/steps_per_second":1.014,"_wandb":{"runtime":520},"train/epoch":1,"_step":12,"train/train_runtime":492.5769,"train/train_steps_per_second":0.185,"_timestamp":1.7528138116460862e+09,"eval/runtime":20.7105,"train/train_loss":1.7810899359839303,"_runtime":520,"perplexity":6.063187928339229}