{"_timestamp":1.752915144338687e+09,"_wandb":{"runtime":19966},"train/loss":1.2124,"_runtime":19966,"_step":408,"train/epoch":0.01,"train/grad_norm":3.6438279151916504,"train/learning_rate":0.00019837084185799804,"train/global_step":4090}