{"train/global_step":10,"train/epoch":0,"train/loss":1.7581,"train/learning_rate":0.0001999964106674962,"_timestamp":1.752883085703084e+09,"train/grad_norm":3.1110897064208984,"_runtime":977,"_step":0,"_wandb":{"runtime":977}}